[{"model": "admin.logentry", "pk": 1, "fields": {"action_time": "2022-09-24T18:04:53.803Z", "user": 1, "content_type": 7, "object_id": "1", "object_repr": "Product object (1)", "action_flag": 1, "change_message": "[{\"added\": {}}]"}}, {"model": "admin.logentry", "pk": 2, "fields": {"action_time": "2022-09-24T18:06:30.932Z", "user": 1, "content_type": 7, "object_id": "2", "object_repr": "Product object (2)", "action_flag": 1, "change_message": "[{\"added\": {}}]"}}, {"model": "admin.logentry", "pk": 3, "fields": {"action_time": "2022-09-24T18:07:32.035Z", "user": 1, "content_type": 7, "object_id": "3", "object_repr": "Product object (3)", "action_flag": 1, "change_message": "[{\"added\": {}}]"}}, {"model": "admin.logentry", "pk": 4, "fields": {"action_time": "2022-09-24T18:08:17.661Z", "user": 1, "content_type": 7, "object_id": "4", "object_repr": "Product object (4)", "action_flag": 1, "change_message": "[{\"added\": {}}]"}}, {"model": "admin.logentry", "pk": 5, "fields": {"action_time": "2022-09-24T18:11:02.827Z", "user": 1, "content_type": 7, "object_id": "5", "object_repr": "Product object (5)", "action_flag": 1, "change_message": "[{\"added\": {}}]"}}, {"model": "admin.logentry", "pk": 6, "fields": {"action_time": "2022-09-24T18:12:45.155Z", "user": 1, "content_type": 7, "object_id": "6", "object_repr": "Product object (6)", "action_flag": 1, "change_message": "[{\"added\": {}}]"}}, {"model": "admin.logentry", "pk": 7, "fields": {"action_time": "2022-09-24T18:14:42.067Z", "user": 1, "content_type": 7, "object_id": "7", "object_repr": "Product object (7)", "action_flag": 1, "change_message": "[{\"added\": {}}]"}}, {"model": "admin.logentry", "pk": 8, "fields": {"action_time": "2022-09-24T18:23:22.510Z", "user": 1, "content_type": 8, "object_id": "1", "object_repr": "Stock object (1)", "action_flag": 1, "change_message": "[{\"added\": {}}, {\"added\": {\"name\": \"stock product\", \"object\": \"StockProduct object (1)\"}}]"}}, {"model": "admin.logentry", "pk": 9, "fields": {"action_time": "2022-09-24T18:23:47.658Z", "user": 1, "content_type": 8, "object_id": "1", "object_repr": "Stock object (1)", "action_flag": 2, "change_message": "[{\"added\": {\"name\": \"stock product\", \"object\": \"StockProduct object (2)\"}}]"}}, {"model": "admin.logentry", "pk": 10, "fields": {"action_time": "2022-09-24T18:25:05.468Z", "user": 1, "content_type": 8, "object_id": "1", "object_repr": "Stock object (1)", "action_flag": 2, "change_message": "[{\"added\": {\"name\": \"stock product\", \"object\": \"StockProduct object (3)\"}}, {\"changed\": {\"name\": \"stock product\", \"object\": \"StockProduct object (2)\", \"fields\": [\"Price\"]}}]"}}, {"model": "admin.logentry", "pk": 11, "fields": {"action_time": "2022-09-24T18:26:18.209Z", "user": 1, "content_type": 8, "object_id": "1", "object_repr": "Stock object (1)", "action_flag": 2, "change_message": "[{\"added\": {\"name\": \"stock product\", \"object\": \"StockProduct object (4)\"}}]"}}, {"model": "admin.logentry", "pk": 12, "fields": {"action_time": "2022-09-24T18:26:55.081Z", "user": 1, "content_type": 8, "object_id": "1", "object_repr": "Stock object (1)", "action_flag": 2, "change_message": "[{\"added\": {\"name\": \"stock product\", \"object\": \"StockProduct object (5)\"}}]"}}, {"model": "admin.logentry", "pk": 13, "fields": {"action_time": "2022-09-24T18:27:15.391Z", "user": 1, "content_type": 8, "object_id": "1", "object_repr": "Stock object (1)", "action_flag": 2, "change_message": "[{\"added\": {\"name\": \"stock product\", \"object\": \"StockProduct object (6)\"}}]"}}, {"model": "admin.logentry", "pk": 14, "fields": {"action_time": "2022-09-24T18:27:48.464Z", "user": 1, "content_type": 8, "object_id": "1", "object_repr": "Stock object (1)", "action_flag": 2, "change_message": "[{\"changed\": {\"name\": \"stock product\", \"object\": \"StockProduct object (6)\", \"fields\": [\"Price\"]}}]"}}, {"model": "admin.logentry", "pk": 15, "fields": {"action_time": "2022-09-24T18:28:49.605Z", "user": 1, "content_type": 8, "object_id": "2", "object_repr": "Stock object (2)", "action_flag": 1, "change_message": "[{\"added\": {}}, {\"added\": {\"name\": \"stock product\", \"object\": \"StockProduct object (7)\"}}]"}}, {"model": "admin.logentry", "pk": 16, "fields": {"action_time": "2022-09-24T18:29:20.760Z", "user": 1, "content_type": 8, "object_id": "2", "object_repr": "Stock object (2)", "action_flag": 2, "change_message": "[{\"added\": {\"name\": \"stock product\", \"object\": \"StockProduct object (8)\"}}]"}}, {"model": "admin.logentry", "pk": 17, "fields": {"action_time": "2022-09-24T18:29:50.582Z", "user": 1, "content_type": 8, "object_id": "2", "object_repr": "Stock object (2)", "action_flag": 2, "change_message": "[{\"added\": {\"name\": \"stock product\", \"object\": \"StockProduct object (9)\"}}]"}}, {"model": "admin.logentry", "pk": 18, "fields": {"action_time": "2022-09-24T18:30:35.816Z", "user": 1, "content_type": 8, "object_id": "2", "object_repr": "Stock object (2)", "action_flag": 2, "change_message": "[{\"added\": {\"name\": \"stock product\", \"object\": \"StockProduct object (10)\"}}]"}}, {"model": "admin.logentry", "pk": 19, "fields": {"action_time": "2022-09-24T18:31:34.942Z", "user": 1, "content_type": 8, "object_id": "3", "object_repr": "Stock object (3)", "action_flag": 1, "change_message": "[{\"added\": {}}, {\"added\": {\"name\": \"stock product\", \"object\": \"StockProduct object (11)\"}}]"}}, {"model": "admin.logentry", "pk": 20, "fields": {"action_time": "2022-09-24T18:32:11.011Z", "user": 1, "content_type": 8, "object_id": "3", "object_repr": "Stock object (3)", "action_flag": 2, "change_message": "[{\"added\": {\"name\": \"stock product\", \"object\": \"StockProduct object (12)\"}}]"}}, {"model": "admin.logentry", "pk": 21, "fields": {"action_time": "2022-09-24T18:32:43.304Z", "user": 1, "content_type": 8, "object_id": "3", "object_repr": "Stock object (3)", "action_flag": 2, "change_message": "[{\"added\": {\"name\": \"stock product\", \"object\": \"StockProduct object (13)\"}}]"}}, {"model": "admin.logentry", "pk": 22, "fields": {"action_time": "2022-09-24T18:33:16.361Z", "user": 1, "content_type": 8, "object_id": "3", "object_repr": "Stock object (3)", "action_flag": 2, "change_message": "[{\"added\": {\"name\": \"stock product\", \"object\": \"StockProduct object (14)\"}}]"}}, {"model": "admin.logentry", "pk": 23, "fields": {"action_time": "2022-09-24T18:33:54.703Z", "user": 1, "content_type": 8, "object_id": "3", "object_repr": "Stock object (3)", "action_flag": 2, "change_message": "[{\"added\": {\"name\": \"stock product\", \"object\": \"StockProduct object (15)\"}}]"}}, {"model": "admin.logentry", "pk": 24, "fields": {"action_time": "2022-09-24T18:35:03.752Z", "user": 1, "content_type": 8, "object_id": "3", "object_repr": "Stock object (3)", "action_flag": 2, "change_message": "[{\"added\": {\"name\": \"stock product\", \"object\": \"StockProduct object (16)\"}}]"}}, {"model": "admin.logentry", "pk": 25, "fields": {"action_time": "2022-09-24T18:35:47.300Z", "user": 1, "content_type": 8, "object_id": "4", "object_repr": "Stock object (4)", "action_flag": 1, "change_message": "[{\"added\": {}}, {\"added\": {\"name\": \"stock product\", \"object\": \"StockProduct object (17)\"}}]"}}, {"model": "admin.logentry", "pk": 26, "fields": {"action_time": "2022-09-24T18:36:32.819Z", "user": 1, "content_type": 8, "object_id": "4", "object_repr": "Stock object (4)", "action_flag": 2, "change_message": "[{\"added\": {\"name\": \"stock product\", \"object\": \"StockProduct object (18)\"}}]"}}, {"model": "admin.logentry", "pk": 27, "fields": {"action_time": "2022-09-24T18:37:04.624Z", "user": 1, "content_type": 8, "object_id": "4", "object_repr": "Stock object (4)", "action_flag": 2, "change_message": "[{\"added\": {\"name\": \"stock product\", \"object\": \"StockProduct object (19)\"}}]"}}, {"model": "admin.logentry", "pk": 28, "fields": {"action_time": "2022-09-24T18:37:36.282Z", "user": 1, "content_type": 8, "object_id": "4", "object_repr": "Stock object (4)", "action_flag": 2, "change_message": "[{\"added\": {\"name\": \"stock product\", \"object\": \"StockProduct object (20)\"}}]"}}, {"model": "admin.logentry", "pk": 29, "fields": {"action_time": "2022-09-24T18:38:06.671Z", "user": 1, "content_type": 8, "object_id": "4", "object_repr": "Stock object (4)", "action_flag": 2, "change_message": "[{\"added\": {\"name\": \"stock product\", \"object\": \"StockProduct object (21)\"}}]"}}, {"model": "admin.logentry", "pk": 30, "fields": {"action_time": "2022-09-24T18:39:14.591Z", "user": 1, "content_type": 8, "object_id": "5", "object_repr": "Stock object (5)", "action_flag": 1, "change_message": "[{\"added\": {}}, {\"added\": {\"name\": \"stock product\", \"object\": \"StockProduct object (22)\"}}]"}}, {"model": "admin.logentry", "pk": 31, "fields": {"action_time": "2022-09-24T18:39:40.254Z", "user": 1, "content_type": 8, "object_id": "5", "object_repr": "Stock object (5)", "action_flag": 2, "change_message": "[{\"added\": {\"name\": \"stock product\", \"object\": \"StockProduct object (23)\"}}]"}}, {"model": "admin.logentry", "pk": 32, "fields": {"action_time": "2022-09-24T18:40:12.425Z", "user": 1, "content_type": 8, "object_id": "5", "object_repr": "Stock object (5)", "action_flag": 2, "change_message": "[{\"added\": {\"name\": \"stock product\", \"object\": \"StockProduct object (24)\"}}]"}}, {"model": "admin.logentry", "pk": 33, "fields": {"action_time": "2022-09-24T18:40:48.237Z", "user": 1, "content_type": 8, "object_id": "5", "object_repr": "Stock object (5)", "action_flag": 2, "change_message": "[{\"added\": {\"name\": \"stock product\", \"object\": \"StockProduct object (25)\"}}]"}}, {"model": "admin.logentry", "pk": 34, "fields": {"action_time": "2022-09-24T18:41:32.692Z", "user": 1, "content_type": 8, "object_id": "5", "object_repr": "Stock object (5)", "action_flag": 2, "change_message": "[{\"added\": {\"name\": \"stock product\", \"object\": \"StockProduct object (26)\"}}]"}}, {"model": "admin.logentry", "pk": 35, "fields": {"action_time": "2022-09-24T18:43:05.065Z", "user": 1, "content_type": 8, "object_id": "6", "object_repr": "Stock object (6)", "action_flag": 1, "change_message": "[{\"added\": {}}, {\"added\": {\"name\": \"stock product\", \"object\": \"StockProduct object (27)\"}}]"}}, {"model": "admin.logentry", "pk": 36, "fields": {"action_time": "2022-09-24T18:43:29.388Z", "user": 1, "content_type": 8, "object_id": "6", "object_repr": "Stock object (6)", "action_flag": 2, "change_message": "[{\"added\": {\"name\": \"stock product\", \"object\": \"StockProduct object (28)\"}}]"}}, {"model": "admin.logentry", "pk": 37, "fields": {"action_time": "2022-09-24T18:44:45.651Z", "user": 1, "content_type": 8, "object_id": "6", "object_repr": "Stock object (6)", "action_flag": 2, "change_message": "[{\"added\": {\"name\": \"stock product\", \"object\": \"StockProduct object (29)\"}}]"}}, {"model": "admin.logentry", "pk": 38, "fields": {"action_time": "2022-09-24T18:45:10.056Z", "user": 1, "content_type": 8, "object_id": "6", "object_repr": "Stock object (6)", "action_flag": 2, "change_message": "[{\"added\": {\"name\": \"stock product\", \"object\": \"StockProduct object (30)\"}}]"}}, {"model": "admin.logentry", "pk": 39, "fields": {"action_time": "2022-09-24T18:46:03.427Z", "user": 1, "content_type": 8, "object_id": "7", "object_repr": "Stock object (7)", "action_flag": 1, "change_message": "[{\"added\": {}}, {\"added\": {\"name\": \"stock product\", \"object\": \"StockProduct object (31)\"}}]"}}, {"model": "admin.logentry", "pk": 40, "fields": {"action_time": "2022-09-24T18:46:34.750Z", "user": 1, "content_type": 8, "object_id": "7", "object_repr": "Stock object (7)", "action_flag": 2, "change_message": "[{\"added\": {\"name\": \"stock product\", \"object\": \"StockProduct object (32)\"}}]"}}, {"model": "admin.logentry", "pk": 41, "fields": {"action_time": "2022-09-24T18:47:04.461Z", "user": 1, "content_type": 8, "object_id": "7", "object_repr": "Stock object (7)", "action_flag": 2, "change_message": "[{\"added\": {\"name\": \"stock product\", \"object\": \"StockProduct object (33)\"}}]"}}, {"model": "admin.logentry", "pk": 42, "fields": {"action_time": "2022-09-24T18:47:31.601Z", "user": 1, "content_type": 8, "object_id": "7", "object_repr": "Stock object (7)", "action_flag": 2, "change_message": "[{\"added\": {\"name\": \"stock product\", \"object\": \"StockProduct object (34)\"}}]"}}, {"model": "admin.logentry", "pk": 43, "fields": {"action_time": "2022-09-24T18:48:12.119Z", "user": 1, "content_type": 8, "object_id": "7", "object_repr": "Stock object (7)", "action_flag": 2, "change_message": "[{\"added\": {\"name\": \"stock product\", \"object\": \"StockProduct object (35)\"}}]"}}, {"model": "admin.logentry", "pk": 44, "fields": {"action_time": "2022-09-24T18:49:04.411Z", "user": 1, "content_type": 8, "object_id": "8", "object_repr": "Stock object (8)", "action_flag": 1, "change_message": "[{\"added\": {}}, {\"added\": {\"name\": \"stock product\", \"object\": \"StockProduct object (36)\"}}]"}}, {"model": "admin.logentry", "pk": 45, "fields": {"action_time": "2022-09-24T18:49:31.779Z", "user": 1, "content_type": 8, "object_id": "8", "object_repr": "Stock object (8)", "action_flag": 2, "change_message": "[{\"added\": {\"name\": \"stock product\", \"object\": \"StockProduct object (37)\"}}]"}}, {"model": "admin.logentry", "pk": 46, "fields": {"action_time": "2022-09-24T18:50:24.548Z", "user": 1, "content_type": 8, "object_id": "8", "object_repr": "Stock object (8)", "action_flag": 2, "change_message": "[{\"added\": {\"name\": \"stock product\", \"object\": \"StockProduct object (38)\"}}]"}}, {"model": "admin.logentry", "pk": 47, "fields": {"action_time": "2022-09-24T18:50:44.622Z", "user": 1, "content_type": 8, "object_id": "8", "object_repr": "Stock object (8)", "action_flag": 2, "change_message": "[{\"added\": {\"name\": \"stock product\", \"object\": \"StockProduct object (39)\"}}]"}}, {"model": "admin.logentry", "pk": 48, "fields": {"action_time": "2022-09-24T18:51:08.188Z", "user": 1, "content_type": 8, "object_id": "8", "object_repr": "Stock object (8)", "action_flag": 2, "change_message": "[{\"added\": {\"name\": \"stock product\", \"object\": \"StockProduct object (40)\"}}]"}}, {"model": "auth.permission", "pk": 1, "fields": {"name": "Can add log entry", "content_type": 1, "codename": "add_logentry"}}, {"model": "auth.permission", "pk": 2, "fields": {"name": "Can change log entry", "content_type": 1, "codename": "change_logentry"}}, {"model": "auth.permission", "pk": 3, "fields": {"name": "Can delete log entry", "content_type": 1, "codename": "delete_logentry"}}, {"model": "auth.permission", "pk": 4, "fields": {"name": "Can view log entry", "content_type": 1, "codename": "view_logentry"}}, {"model": "auth.permission", "pk": 5, "fields": {"name": "Can add permission", "content_type": 2, "codename": "add_permission"}}, {"model": "auth.permission", "pk": 6, "fields": {"name": "Can change permission", "content_type": 2, "codename": "change_permission"}}, {"model": "auth.permission", "pk": 7, "fields": {"name": "Can delete permission", "content_type": 2, "codename": "delete_permission"}}, {"model": "auth.permission", "pk": 8, "fields": {"name": "Can view permission", "content_type": 2, "codename": "view_permission"}}, {"model": "auth.permission", "pk": 9, "fields": {"name": "Can add group", "content_type": 3, "codename": "add_group"}}, {"model": "auth.permission", "pk": 10, "fields": {"name": "Can change group", "content_type": 3, "codename": "change_group"}}, {"model": "auth.permission", "pk": 11, "fields": {"name": "Can delete group", "content_type": 3, "codename": "delete_group"}}, {"model": "auth.permission", "pk": 12, "fields": {"name": "Can view group", "content_type": 3, "codename": "view_group"}}, {"model": "auth.permission", "pk": 13, "fields": {"name": "Can add user", "content_type": 4, "codename": "add_user"}}, {"model": "auth.permission", "pk": 14, "fields": {"name": "Can change user", "content_type": 4, "codename": "change_user"}}, {"model": "auth.permission", "pk": 15, "fields": {"name": "Can delete user", "content_type": 4, "codename": "delete_user"}}, {"model": "auth.permission", "pk": 16, "fields": {"name": "Can view user", "content_type": 4, "codename": "view_user"}}, {"model": "auth.permission", "pk": 17, "fields": {"name": "Can add content type", "content_type": 5, "codename": "add_contenttype"}}, {"model": "auth.permission", "pk": 18, "fields": {"name": "Can change content type", "content_type": 5, "codename": "change_contenttype"}}, {"model": "auth.permission", "pk": 19, "fields": {"name": "Can delete content type", "content_type": 5, "codename": "delete_contenttype"}}, {"model": "auth.permission", "pk": 20, "fields": {"name": "Can view content type", "content_type": 5, "codename": "view_contenttype"}}, {"model": "auth.permission", "pk": 21, "fields": {"name": "Can add session", "content_type": 6, "codename": "add_session"}}, {"model": "auth.permission", "pk": 22, "fields": {"name": "Can change session", "content_type": 6, "codename": "change_session"}}, {"model": "auth.permission", "pk": 23, "fields": {"name": "Can delete session", "content_type": 6, "codename": "delete_session"}}, {"model": "auth.permission", "pk": 24, "fields": {"name": "Can view session", "content_type": 6, "codename": "view_session"}}, {"model": "auth.permission", "pk": 25, "fields": {"name": "Can add product", "content_type": 7, "codename": "add_product"}}, {"model": "auth.permission", "pk": 26, "fields": {"name": "Can change product", "content_type": 7, "codename": "change_product"}}, {"model": "auth.permission", "pk": 27, "fields": {"name": "Can delete product", "content_type": 7, "codename": "delete_product"}}, {"model": "auth.permission", "pk": 28, "fields": {"name": "Can view product", "content_type": 7, "codename": "view_product"}}, {"model": "auth.permission", "pk": 29, "fields": {"name": "Can add stock", "content_type": 8, "codename": "add_stock"}}, {"model": "auth.permission", "pk": 30, "fields": {"name": "Can change stock", "content_type": 8, "codename": "change_stock"}}, {"model": "auth.permission", "pk": 31, "fields": {"name": "Can delete stock", "content_type": 8, "codename": "delete_stock"}}, {"model": "auth.permission", "pk": 32, "fields": {"name": "Can view stock", "content_type": 8, "codename": "view_stock"}}, {"model": "auth.permission", "pk": 33, "fields": {"name": "Can add stock product", "content_type": 9, "codename": "add_stockproduct"}}, {"model": "auth.permission", "pk": 34, "fields": {"name": "Can change stock product", "content_type": 9, "codename": "change_stockproduct"}}, {"model": "auth.permission", "pk": 35, "fields": {"name": "Can delete stock product", "content_type": 9, "codename": "delete_stockproduct"}}, {"model": "auth.permission", "pk": 36, "fields": {"name": "Can view stock product", "content_type": 9, "codename": "view_stockproduct"}}, {"model": "auth.user", "pk": 1, "fields": {"password": "pbkdf2_sha256$390000$RfKaVozRiUPVcZugUMRqqk$88JXUMO1m0lQGqoT7BCTI7sPAt/Whjb0jovy57ATlyE=", "last_login": "2022-09-24T17:10:14.971Z", "is_superuser": true, "username": "admin", "first_name": "", "last_name": "", "email": "", "is_staff": true, "is_active": true, "date_joined": "2022-09-24T17:10:04.019Z", "groups": [], "user_permissions": []}}, {"model": "contenttypes.contenttype", "pk": 1, "fields": {"app_label": "admin", "model": "logentry"}}, {"model": "contenttypes.contenttype", "pk": 2, "fields": {"app_label": "auth", "model": "permission"}}, {"model": "contenttypes.contenttype", "pk": 3, "fields": {"app_label": "auth", "model": "group"}}, {"model": "contenttypes.contenttype", "pk": 4, "fields": {"app_label": "auth", "model": "user"}}, {"model": "contenttypes.contenttype", "pk": 5, "fields": {"app_label": "contenttypes", "model": "contenttype"}}, {"model": "contenttypes.contenttype", "pk": 6, "fields": {"app_label": "sessions", "model": "session"}}, {"model": "contenttypes.contenttype", "pk": 7, "fields": {"app_label": "logistic", "model": "product"}}, {"model": "contenttypes.contenttype", "pk": 8, "fields": {"app_label": "logistic", "model": "stock"}}, {"model": "contenttypes.contenttype", "pk": 9, "fields": {"app_label": "logistic", "model": "stockproduct"}}, {"model": "sessions.session", "pk": "6aszl1gk5i3xrgd3kp7p9xbjvu3nqnmy", "fields": {"session_data": ".eJxVjMsOwiAQRf-FtSE8KjN16b7fQGBgpGogKe3K-O_apAvd3nPOfQkftrX4refFz0lchBan3y0GeuS6g3QP9dYktbouc5S7Ig_a5dRSfl4P9--ghF6-NQeHhoaBIQaDlmBMStnhbFwExyrzaCNoIowIltA6w9pmMInBETKK9wfdRje9:1oc8fO:zZludiQjbZ9UrCvrMVEmmuqsw4rauTPlgPqzZGSXhsk", "expire_date": "2022-10-08T17:10:14.972Z"}}, {"model": "logistic.product", "pk": 1, "fields": {"title": "Огурцы", "description": "свежие"}}, {"model": "logistic.product", "pk": 2, "fields": {"title": "Помидоры", "description": "свежий урожай"}}, {"model": "logistic.product", "pk": 3, "fields": {"title": "Капуста", "description": "белокочанная"}}, {"model": "logistic.product", "pk": 4, "fields": {"title": "Картофель", "description": "свежий урожай, немытый"}}, {"model": "logistic.product", "pk": 5, "fields": {"title": "Морковь", "description": "свежий урожай, мытая"}}, {"model": "logistic.product", "pk": 6, "fields": {"title": "Лук", "description": "репчатый, прошлогодний"}}, {"model": "logistic.product", "pk": 7, "fields": {"title": "Свекла", "description": "столовая, урожай прошлого года"}}, {"model": "logistic.stock", "pk": 1, "fields": {"address": "Склад №1"}}, {"model": "logistic.stock", "pk": 2, "fields": {"address": "Склад №2"}}, {"model": "logistic.stock", "pk": 3, "fields": {"address": "Склад №3"}}, {"model": "logistic.stock", "pk": 4, "fields": {"address": "Склад №4"}}, {"model": "logistic.stock", "pk": 5, "fields": {"address": "Склад №5"}}, {"model": "logistic.stock", "pk": 6, "fields": {"address": "Склад №6"}}, {"model": "logistic.stock", "pk": 7, "fields": {"address": "Склад №7"}}, {"model": "logistic.stock", "pk": 8, "fields": {"address": "Склад №8"}}, {"model": "logistic.stockproduct", "pk": 1, "fields": {"stock": 1, "product": 1, "quantity": 215, "price": "68.00"}}, {"model": "logistic.stockproduct", "pk": 2, "fields": {"stock": 1, "product": 2, "quantity": 198, "price": "88.50"}}, {"model": "logistic.stockproduct", "pk": 3, "fields": {"stock": 1, "product": 3, "quantity": 374, "price": "24.20"}}, {"model": "logistic.stockproduct", "pk": 4, "fields": {"stock": 1, "product": 4, "quantity": 480, "price": "36.00"}}, {"model": "logistic.stockproduct", "pk": 5, "fields": {"stock": 1, "product": 5, "quantity": 176, "price": "35.90"}}, {"model": "logistic.stockproduct", "pk": 6, "fields": {"stock": 1, "product": 6, "quantity": 138, "price": "40.40"}}, {"model": "logistic.stockproduct", "pk": 7, "fields": {"stock": 2, "product": 2, "quantity": 195, "price": "99.99"}}, {"model": "logistic.stockproduct", "pk": 8, "fields": {"stock": 2, "product": 4, "quantity": 525, "price": "32.50"}}, {"model": "logistic.stockproduct", "pk": 9, "fields": {"stock": 2, "product": 5, "quantity": 244, "price": "39.90"}}, {"model": "logistic.stockproduct", "pk": 10, "fields": {"stock": 2, "product": 7, "quantity": 105, "price": "31.85"}}, {"model": "logistic.stockproduct", "pk": 11, "fields": {"stock": 3, "product": 1, "quantity": 135, "price": "58.00"}}, {"model": "logistic.stockproduct", "pk": 12, "fields": {"stock": 3, "product": 2, "quantity": 268, "price": "83.20"}}, {"model": "logistic.stockproduct", "pk": 13, "fields": {"stock": 3, "product": 3, "quantity": 330, "price": "27.90"}}, {"model": "logistic.stockproduct", "pk": 14, "fields": {"stock": 3, "product": 4, "quantity": 620, "price": "27.80"}}, {"model": "logistic.stockproduct", "pk": 15, "fields": {"stock": 3, "product": 5, "quantity": 290, "price": "38.95"}}, {"model": "logistic.stockproduct", "pk": 16, "fields": {"stock": 3, "product": 6, "quantity": 205, "price": "31.70"}}, {"model": "logistic.stockproduct", "pk": 17, "fields": {"stock": 4, "product": 1, "quantity": 308, "price": "68.68"}}, {"model": "logistic.stockproduct", "pk": 18, "fields": {"stock": 4, "product": 3, "quantity": 255, "price": "25.40"}}, {"model": "logistic.stockproduct", "pk": 19, "fields": {"stock": 4, "product": 5, "quantity": 212, "price": "35.90"}}, {"model": "logistic.stockproduct", "pk": 20, "fields": {"stock": 4, "product": 6, "quantity": 90, "price": "40.85"}}, {"model": "logistic.stockproduct", "pk": 21, "fields": {"stock": 4, "product": 7, "quantity": 75, "price": "26.70"}}, {"model": "logistic.stockproduct", "pk": 22, "fields": {"stock": 5, "product": 1, "quantity": 265, "price": "67.90"}}, {"model": "logistic.stockproduct", "pk": 23, "fields": {"stock": 5, "product": 2, "quantity": 234, "price": "77.70"}}, {"model": "logistic.stockproduct", "pk": 24, "fields": {"stock": 5, "product": 3, "quantity": 228, "price": "23.01"}}, {"model": "logistic.stockproduct", "pk": 25, "fields": {"stock": 5, "product": 4, "quantity": 321, "price": "30.99"}}, {"model": "logistic.stockproduct", "pk": 26, "fields": {"stock": 5, "product": 7, "quantity": 127, "price": "28.00"}}, {"model": "logistic.stockproduct", "pk": 27, "fields": {"stock": 6, "product": 1, "quantity": 165, "price": "64.00"}}, {"model": "logistic.stockproduct", "pk": 28, "fields": {"stock": 6, "product": 2, "quantity": 186, "price": "87.30"}}, {"model": "logistic.stockproduct", "pk": 29, "fields": {"stock": 6, "product": 5, "quantity": 110, "price": "39.99"}}, {"model": "logistic.stockproduct", "pk": 30, "fields": {"stock": 6, "product": 6, "quantity": 151, "price": "33.90"}}, {"model": "logistic.stockproduct", "pk": 31, "fields": {"stock": 7, "product": 1, "quantity": 333, "price": "67.60"}}, {"model": "logistic.stockproduct", "pk": 32, "fields": {"stock": 7, "product": 3, "quantity": 370, "price": "23.40"}}, {"model": "logistic.stockproduct", "pk": 33, "fields": {"stock": 7, "product": 4, "quantity": 840, "price": "32.89"}}, {"model": "logistic.stockproduct", "pk": 34, "fields": {"stock": 7, "product": 6, "quantity": 179, "price": "38.00"}}, {"model": "logistic.stockproduct", "pk": 35, "fields": {"stock": 7, "product": 7, "quantity": 132, "price": "27.02"}}, {"model": "logistic.stockproduct", "pk": 36, "fields": {"stock": 8, "product": 1, "quantity": 202, "price": "70.90"}}, {"model": "logistic.stockproduct", "pk": 37, "fields": {"stock": 8, "product": 2, "quantity": 200, "price": "93.90"}}, {"model": "logistic.stockproduct", "pk": 38, "fields": {"stock": 8, "product": 3, "quantity": 189, "price": "20.90"}}, {"model": "logistic.stockproduct", "pk": 39, "fields": {"stock": 8, "product": 4, "quantity": 519, "price": "31.90"}}, {"model": "logistic.stockproduct", "pk": 40, "fields": {"stock": 8, "product": 7, "quantity": 99, "price": "29.90"}}]